,no_bhk,price,area,cons_stats
0,3 ,6598000,1571,3
1,4 ,14800000,1930,3
2,4 ,29900000,4157,3
3,4 ,40800000,3400,3
4,4 ,17500000,3183,3
5,4 ,14000000,2701,3
6,4 ,35200000,4706,3
7,4 ,43099999,5080,3
8,3 ,14200000,2150,3
9,0,6300000,3150,0
10,2 ,7334000,1310,3
11,3 ,16500000,2550,3
12,3 ,11399999,2155,3
13,3 ,10800000,1965,3
14,3 ,9494000,1775,3
15,3 ,7473000,1410,3
16,2 ,8515000,1310,3
17,3 ,14400000,1905,3
18,2 ,6820999,1312,3
19,2 ,5685000,1210,3
20,3 ,13400000,2200,3
21,3 ,10200000,1902,3
22,3 ,10000000,1670,3
23,3 ,10900000,2187,3
24,3 ,8000000,1047,1
25,4 ,40900000,6300,3
26,3 ,9984000,1636,3
27,0,4899000,2403,0
28,3 ,5787000,1378,3
29,4 ,16399999,2130,3
30,4 ,32599999,4540,3
31,4 ,40800000,3400,3
32,4 ,17500000,3183,3
33,4 ,15900000,3060,3
34,3 ,17600000,2350,3
35,4 ,43099999,5080,3
36,3 ,13000000,1965,3
37,0,7200000,3600,0
38,2 ,7334000,1310,3
39,3 ,13200000,2040,3
40,3 ,11399999,2155,3
41,3 ,10800000,1965,3
42,3 ,9494000,1775,3
43,2 ,5035000,950,3
44,3 ,15200000,2345,3
45,3 ,14400000,1905,3
46,2 ,6820999,1312,3
47,3 ,6931000,1475,3
48,3 ,13300000,2195,3
49,2 ,8154000,1510,3
50,3 ,14800000,2485,3
51,2 ,5083000,1017,3
52,1 ,4800000,610,1
53,4 ,40900000,6300,3
54,3 ,9423000,1509,3
55,0,9781000,4797,0
56,2 ,4687000,1116,3
57,4 ,17700000,2300,3
58,4 ,32500000,4524,3
59,4 ,45199999,3770,3
60,4 ,27700000,5037,3
61,4 ,35200000,4706,3
62,3 ,17300000,2040,3
63,3 ,14200000,2150,3
64,0,3600000,1800,0
65,2 ,7334000,1310,3
66,3 ,15500000,2385,3
67,3 ,13000000,2455,3
68,3 ,10400000,1900,3
69,2 ,6926000,1295,3
70,2 ,4982000,940,3
71,3 ,9977000,1535,3
72,3 ,12900000,1710,3
73,3 ,9581000,1843,3
74,3 ,12900000,2130,3
75,3 ,10200000,1900,3
76,2 ,8086000,1350,3
77,2 ,5893000,1179,3
78,3 ,9499000,1315,1
79,3 ,20800000,3200,3
80,3 ,8935000,1451,3
81,0,4899000,2403,0
82,0,2960000,1665,0
83,2 ,6781999,1280,3
84,2 ,5600000,1100,1
85,3 ,15400000,2150,3
86,2 ,3800000,1090,3
87,3 ,4700000,1080,1
88,2 ,6500000,918,3
89,3 ,7950000,1600,1
90,3 ,10300000,1885,3
91,3 ,8175000,1635,1
92,3 ,7500000,600,1
93,4 ,7500000,2000,3
94,4 ,30000000,3161,3
95,4 ,24600000,2695,1
96,2 ,4178000,1100,3
97,3 ,9555000,2100,3
98,0,4000000,2250,2
99,0,1125000,1350,2
100,3 ,6241000,1486,3
101,3 ,6694000,1594,3
102,4 ,16100000,2100,3
103,0,2720000,1530,0
104,0,4000000,2250,0
105,0,7500000,2700,0
106,0,6250000,2250,0
107,0,5625000,2025,0
108,0,5000000,1800,0
109,0,4250000,1530,0
110,0,4125000,1485,0
111,0,5000000,1800,0
112,0,2800000,1575,0
113,4 ,26200000,3652,3
114,4 ,33300000,4635,3
115,4 ,30400000,4227,3
116,4 ,30200000,4207,3
117,4 ,32000000,4448,3
118,4 ,45199999,3770,3
119,4 ,40800000,3400,3
120,4 ,40800000,3400,3
121,4 ,45199999,3770,3
122,4 ,45199999,3770,3
123,4 ,37100000,3095,3
124,4 ,37100000,3095,3
125,4 ,45800000,3820,3
126,4 ,45800000,3820,3
127,4 ,44100000,3675,3
128,4 ,44100000,3675,3
129,4 ,36900000,3075,3
130,4 ,36900000,3075,3
131,4 ,46300000,3865,3
132,4 ,46300000,3865,3
133,4 ,27700000,5037,3
134,4 ,17500000,3183,3
135,4 ,17500000,3183,3
136,4 ,27700000,5037,3
137,4 ,27700000,5037,3
138,4 ,17400000,3180,3
139,4 ,17400000,3180,3
140,4 ,25299999,4614,3
141,4 ,25299999,4614,3
142,4 ,22900000,4164,3
143,4 ,22900000,4164,3
144,4 ,22799999,4161,3
145,4 ,22799999,4161,3
146,3 ,6097000,1355,3
147,2 ,5062000,1125,3
148,0,4800000,2700,0
149,0,3120000,1755,0
150,0,2880000,1620,0
151,0,4875000,1755,0
152,0,4750000,1710,0
153,0,4625000,1665,0
154,0,4500000,1620,0
155,0,4375000,1575,0
156,0,4000000,1440,0
157,0,4075000,1467,0
158,0,4075000,1467,0
159,0,3040000,1710,0
160,0,3600000,2025,0
161,0,2608000,1467,0
162,3 ,13600000,1825,3
163,4 ,35200000,4706,3
164,4 ,35200000,4706,3
165,3 ,17600000,2350,3
166,3 ,17600000,2350,3
167,3 ,13600000,1825,3
168,3 ,13600000,1825,3
169,3 ,11900000,1600,3
170,3 ,11900000,1600,3
171,3 ,13700000,1840,3
172,3 ,13700000,1840,3
173,4 ,26500000,3400,3
174,4 ,26500000,3400,3
175,4 ,26500000,3400,3
176,4 ,26500000,3400,3
177,4 ,23400000,3000,3
178,4 ,23400000,3000,3
179,3 ,14000000,1800,3
180,3 ,14000000,1800,3
181,3 ,13200000,1700,3
182,3 ,13200000,1700,3
183,3 ,11700000,1500,3
184,3 ,11700000,1500,3
185,2 ,9360000,1200,3
186,2 ,9360000,1200,3
187,2 ,8580000,1100,3
188,2 ,8580000,1100,3
189,4 ,28000000,3600,3
190,4 ,28000000,3600,3
191,2 ,6781999,1280,3
192,3 ,17300000,2040,3
193,4 ,34600000,4080,3
194,4 ,34600000,4080,3
195,3 ,20299999,2400,3
196,3 ,20299999,2400,3
197,4 ,28400000,3342,3
198,4 ,28400000,3342,3
199,3 ,21500000,2540,3
200,3 ,21500000,2540,3
201,3 ,15000000,1765,3
202,3 ,15000000,1765,3
203,3 ,16100000,1895,3
204,3 ,16100000,1895,3
205,3 ,11600000,1635,3
206,3 ,11600000,1635,3
207,3 ,16000000,2255,3
208,3 ,16000000,2255,3
209,3 ,11600000,1635,3
210,3 ,11600000,1635,3
211,3 ,16000000,2255,3
212,3 ,16000000,2255,3
213,2 ,9406000,1325,3
214,2 ,9406000,1325,3
215,3 ,13700000,1935,3
216,3 ,13700000,1935,3
217,3 ,13000000,1965,3
218,3 ,11000000,1640,3
219,3 ,11000000,1640,3
220,2 ,9016000,1320,3
221,2 ,9016000,1320,3
222,2 ,8984000,1315,3
223,2 ,8984000,1315,3
224,3 ,11700000,1750,3
225,3 ,11700000,1750,3
226,3 ,13000000,1955,3
227,3 ,13000000,1955,3
228,3 ,12100000,1820,3
229,3 ,12100000,1820,3
230,3 ,13000000,1960,3
231,3 ,13000000,1960,3
232,3 ,14100000,2140,3
233,3 ,14100000,2140,3
234,3 ,13899999,2100,3
235,3 ,13899999,2100,3
236,3 ,10800000,1610,3
237,3 ,10800000,1610,3
238,2 ,9614000,1415,3
239,2 ,9614000,1415,3
240,3 ,12900000,1945,3
241,3 ,12900000,1945,3
242,3 ,13600000,2060,3
243,3 ,13600000,2060,3
244,2 ,9457000,1390,3
245,2 ,9457000,1390,3
246,3 ,13600000,2055,3
247,3 ,13600000,2055,3
248,3 ,12000000,1795,3
249,3 ,12000000,1795,3
250,3 ,11500000,1725,3
251,3 ,11500000,1725,3
252,0,3402000,1701,0
253,0,5400000,2700,0
254,0,3960000,1980,0
255,0,3420000,1710,0
256,0,9000000,4500,0
257,0,4500000,2250,0
258,0,8100000,4050,0
259,2 ,7334000,1310,3
260,2 ,6970000,1245,3
261,2 ,6970000,1245,3
262,3 ,8818000,1575,3
263,3 ,8818000,1575,3
264,3 ,9546000,1705,3
265,3 ,9546000,1705,3
266,2 ,7390000,1320,3
267,2 ,7390000,1320,3
268,2 ,5906000,1055,3
269,2 ,5906000,1055,3
270,3 ,9574000,1710,3
271,3 ,9574000,1710,3
272,2 ,7362000,1315,3
273,2 ,7362000,1315,3
274,2 ,7614000,1360,3
275,2 ,7614000,1360,3
276,3 ,9854000,1760,3
277,3 ,9854000,1760,3
278,3 ,9350000,1670,3
279,3 ,9350000,1670,3
280,2 ,7138000,1275,3
281,2 ,7138000,1275,3
282,2 ,6773999,1210,3
283,2 ,6773999,1210,3
284,3 ,9742000,1740,3
285,3 ,9742000,1740,3
286,3 ,10100000,1810,3
287,3 ,10100000,1810,3
288,3 ,10100000,1815,3
289,3 ,10100000,1815,3
290,2 ,7166000,1280,3
291,2 ,7166000,1280,3
292,2 ,7054000,1260,3
293,2 ,7054000,1260,3
294,3 ,10000000,1790,3
295,3 ,10000000,1790,3
296,2 ,7109999,1270,3
297,2 ,7109999,1270,3
298,3 ,9658000,1725,3
299,3 ,9658000,1725,3
300,3 ,10400000,1865,3
301,3 ,10400000,1865,3
302,2 ,7081999,1265,3
303,2 ,7081999,1265,3
304,3 ,15500000,2400,3
305,3 ,16399999,2525,3
306,3 ,15500000,2395,3
307,3 ,13600000,2095,3
308,3 ,16100000,2485,3
309,3 ,15300000,2360,3
310,3 ,17100000,2640,3
311,3 ,13000000,2010,3
312,3 ,16000000,2465,3
313,3 ,12900000,1990,3
314,3 ,14300000,2210,3
315,2 ,5500000,1060,3
316,2 ,5200000,1110,3
317,2 ,5300000,1110,1
318,2 ,5300000,1185,1
319,2 ,5300000,1125,3
320,2 ,3700000,1000,1
321,2 ,5300000,1185,1
322,2 ,3500000,1000,1
323,2 ,3700000,1000,1
324,2 ,5400000,1195,1
325,2 ,3700000,1000,1
326,2 ,3700000,1000,1
327,2 ,3700000,1000,1
328,2 ,5200000,1100,1
329,3 ,15500000,2524,3
330,2 ,5300000,1100,1
331,2 ,4400000,1150,1
332,3 ,16700000,2370,1
333,2 ,6100000,1130,1
334,2 ,6800000,1150,1
335,2 ,6850000,1220,1
336,2 ,5200000,1100,1
337,3 ,13000000,2455,3
338,3 ,9829000,1855,3
339,3 ,9829000,1855,3
340,3 ,8769000,1655,3
341,3 ,8769000,1655,3
342,4 ,73500000,6125,3
343,4 ,73200000,6105,3
344,2 ,5600000,1110,1
345,2 ,5736000,1195,1
346,3 ,11000000,2000,1
347,2 ,6018000,1060,1
348,2 ,9940000,1800,1
349,3 ,6650000,1600,1
350,2 ,6200000,1125,1
351,2 ,5500000,1165,1
352,2 ,5100000,1200,1
353,2 ,5800000,1160,1
354,3 ,5600000,1415,1
355,3 ,10400000,1900,3
356,3 ,9212000,1675,3
357,3 ,9212000,1675,3
358,3 ,10800000,1965,3
359,3 ,10800000,1965,3
360,3 ,10400000,1900,3
361,3 ,10400000,1900,3
362,3 ,9212000,1675,3
363,3 ,9212000,1675,3
364,3 ,11000000,2010,3
365,3 ,11000000,2010,3
366,3 ,9790000,1780,3
367,3 ,9790000,1780,3
368,3 ,10900000,1990,3
369,3 ,10900000,1990,3
370,3 ,9680000,1760,3
371,3 ,9680000,1760,3
372,3 ,8580000,1560,3
373,3 ,8580000,1560,3
374,2 ,6792000,1235,3
375,2 ,6792000,1235,3
376,3 ,9157000,1665,3
377,3 ,9157000,1665,3
378,2 ,6991000,1295,3
379,2 ,6991000,1295,3
380,3 ,8611000,1595,3
381,3 ,8611000,1595,3
382,3 ,11800000,2195,3
383,3 ,11800000,2195,3
384,3 ,8070999,1495,3
385,3 ,8070999,1495,3
386,3 ,10200000,1895,3
387,3 ,10200000,1895,3
388,2 ,6926000,1295,3
389,2 ,6392000,1195,3
390,2 ,6392000,1195,3
391,3 ,10200000,1915,3
392,3 ,10200000,1915,3
393,3 ,8692000,1625,3
394,3 ,8692000,1625,3
395,3 ,7648999,1430,3
396,3 ,7648999,1430,3
397,3 ,15400000,2150,3
398,5 ,35500000,4945,3
399,5 ,35500000,4945,3
400,5 ,39300000,5467,3
401,5 ,39300000,5467,3
402,5 ,42900000,5962,3
403,5 ,42900000,5962,3
404,4 ,25600000,3569,3
405,4 ,25600000,3569,3
406,3 ,12100000,1687,3
407,3 ,12100000,1687,3
408,5 ,41600000,5783,3
409,5 ,41600000,5783,3
410,3 ,15300000,2132,3
411,3 ,15300000,2132,3
412,5 ,45800000,6374,3
413,5 ,45800000,6374,3
414,5 ,45800000,6371,3
415,5 ,45800000,6371,3
416,5 ,55199999,7674,3
417,5 ,55199999,7674,3
418,4 ,36200000,5036,3
419,4 ,36200000,5036,3
420,3 ,13400000,1874,3
421,3 ,13400000,1874,3
422,5 ,38100000,5303,3
423,5 ,38100000,5303,3
424,3 ,15700000,2191,3
425,3 ,15700000,2191,3
426,4 ,28300000,3942,3
427,4 ,28300000,3942,3
428,3 ,12900000,1792,3
429,3 ,12900000,1792,3
430,5 ,46300000,6434,3
431,5 ,46300000,6434,3
432,3 ,15800000,2208,3
433,3 ,15800000,2208,3
434,3 ,7473000,1410,3
435,3 ,7473000,1410,3
436,2 ,5035000,950,3
437,2 ,5035000,950,3
438,2 ,4982000,940,3
439,2 ,4982000,940,3
440,3 ,7155000,1350,3
441,3 ,7155000,1350,3
442,2 ,5618000,1060,3
443,2 ,5618000,1060,3
444,2 ,5830000,1100,3
445,2 ,5830000,1100,3
446,2 ,4929000,930,3
447,2 ,4929000,930,3
448,0,24300000,4567,0
449,0,24300000,4567,0
450,0,12100000,2286,0
451,0,12100000,2286,0
452,0,60700000,11392,0
453,0,60700000,11392,0
454,0,39300000,7384,0
455,0,39300000,7384,0
456,0,28800000,5405,0
457,0,28800000,5405,0
458,0,29400000,5520,0
459,0,29400000,5520,0
460,0,81800000,15348,0
461,0,81800000,15348,0
462,0,28100000,5282,0
463,0,28100000,5282,0
464,0,23700000,4446,0
465,0,23700000,4446,0
466,0,28100000,5271,0
467,0,28100000,5271,0
468,0,19500000,3668,0
469,0,19500000,3668,0
470,0,26800000,5043,0
471,0,26800000,5043,0
472,0,30700000,5758,0
473,0,30700000,5758,0
474,0,51200000,9613,0
475,0,51200000,9613,0
476,0,12800000,2403,0
477,0,12800000,2403,0
478,0,25600000,4805,0
479,0,25600000,4805,0
480,0,56200000,10542,0
481,0,56200000,10542,0
482,0,13200000,2485,0
483,0,13200000,2485,0
484,0,19000000,3576,0
485,0,19000000,3576,0
486,3 ,13600000,2280,3
487,3 ,14900000,2490,3
488,3 ,12600000,2100,3
489,3 ,11900000,2010,3
490,3 ,14300000,2390,3
491,3 ,14800000,2470,3
492,4 ,18900000,2540,1
493,4 ,18900000,2540,1
494,4 ,21300000,2865,1
495,4 ,21300000,2865,1
496,4 ,18800000,2525,1
497,4 ,18800000,2525,1
498,4 ,16500000,2215,1
499,4 ,16500000,2215,1
500,2 ,6070000,1065,3
501,3 ,9718000,1705,3
502,3 ,7866000,1380,3
503,2 ,6811000,1195,3
504,3 ,10200000,1790,3
505,3 ,9291000,1630,3
506,3 ,10300000,1885,3
507,2 ,7066000,1285,3
508,3 ,10300000,1885,3
509,2 ,7066000,1285,3
510,3 ,8715000,1585,3
511,3 ,8715000,1585,3
512,3 ,9348000,1700,3
513,3 ,9348000,1700,3
514,3 ,14100000,2175,3
515,3 ,12600000,1945,3
516,2 ,7767000,1195,3
517,3 ,10900000,1685,3
518,3 ,11399999,1755,3
519,3 ,16399999,2530,3
520,3 ,16000000,2465,3
521,3 ,13400000,2065,3
522,3 ,12900000,1710,3
523,2 ,9992000,1315,3
524,2 ,9992000,1315,3
525,4 ,16900000,2230,3
526,4 ,16900000,2230,3
527,3 ,11299999,1500,3
528,3 ,11299999,1500,3
529,3 ,9581000,1843,3
530,2 ,6820999,1312,3
531,2 ,6820999,1312,3
532,3 ,9581000,1843,3
533,3 ,9581000,1843,3
534,3 ,8895000,1711,3
535,3 ,8895000,1711,3
536,3 ,10100000,1960,3
537,3 ,10100000,1960,3
538,2 ,7630000,1440,3
539,2 ,8106999,1530,3
540,2 ,7630000,1440,3
541,2 ,8106999,1530,3
542,2 ,7630000,1440,3
543,2 ,8106999,1530,3
544,2 ,7259000,1370,3
545,2 ,7259000,1370,3
546,3 ,9061000,1710,3
547,3 ,9061000,1710,3
548,2 ,8610000,1625,3
549,2 ,8610000,1625,3
550,2 ,7153000,1350,3
551,2 ,7153000,1350,3
552,3 ,11500000,2185,3
553,3 ,11500000,2185,3
554,3 ,8610000,1625,3
555,3 ,8610000,1625,3
556,2 ,7709999,1455,3
557,2 ,7709999,1455,3
558,3 ,10800000,2055,3
559,3 ,10800000,2055,3
560,3 ,13400000,2530,3
561,3 ,13400000,2530,3
562,3 ,9670000,1825,3
563,3 ,9670000,1825,3
564,2 ,5523000,1105,3
565,2 ,5523000,1105,3
566,3 ,13000000,2140,3
567,2 ,7550000,1510,3
568,2 ,5940000,1100,3
569,2 ,7698000,1100,3
570,2 ,6600000,1320,3
571,2 ,8116000,1503,3
572,3 ,9585000,1775,3
573,3 ,10500000,1948,3
574,3 ,10100000,1888,3
575,2 ,7673000,1421,3
576,3 ,9892000,1832,3
577,3 ,10800000,2000,3
578,2 ,7954000,1473,3
579,3 ,9423000,1745,3
580,3 ,11000000,2049,3
581,3 ,9990000,1850,3
582,2 ,7155000,1325,3
583,2 ,7862000,1456,3
584,2 ,8564000,1586,3
585,2 ,7548999,1398,3
586,2 ,7176000,1329,3
587,0,3600000,2025,0
588,3 ,11600000,1945,3
589,2 ,8266000,1380,3
590,3 ,14000000,2340,3
591,3 ,13200000,2205,3
592,3 ,5624000,1125,3
593,0,2000000,1647,2
594,0,2562000,1650,0
595,0,2338000,1500,0
596,0,2332000,2805,0
597,0,2338000,1500,0
598,0,3000000,1800,0
599,0,2928000,1650,0
600,0,2475000,1485,0
601,0,2925000,2025,0
602,0,2600000,1800,0
603,0,2535000,1755,0
604,0,2470000,1710,0
605,0,2340000,1620,0
606,0,2210000,1530,0
607,0,2119000,1467,0
608,0,2608000,1467,0
609,0,6400000,3600,0
610,0,6000000,3150,0
611,0,5600000,3150,0
612,0,5200000,2925,0
613,0,5000000,2052,2
614,3 ,8820000,1221,1
615,2 ,7200000,980,1
616,2 ,6698999,930,1
617,1 ,3399000,380,1
618,0,933000,1800,0
619,0,852999,1650,0
620,0,779000,1500,0
621,0,1452000,5460,0
622,3 ,20800000,3200,3
623,0,2745000,1650,0
624,0,2205000,1320,0
625,0,1555000,1650,0
626,0,1689999,1320,0
627,0,3006000,1500,0
628,4 ,5500000,1051,1
629,3 ,11100000,1812,3
630,3 ,11500000,1883,3
631,3 ,10200000,1691,3
632,3 ,11200000,1828,3
633,3 ,11000000,1793,3
634,3 ,9962000,1632,3
635,3 ,9956000,1631,3
636,3 ,8828000,1432,3
637,4 ,6859999,1204,3
638,0,4875000,3375,0
639,0,4550000,3150,0
640,0,4225000,2925,0
641,0,3900000,2700,0
642,0,3575000,2475,0
643,0,3250000,2250,0
644,3 ,8520000,1600,3
645,4 ,45100000,4100,3
646,2 ,7500000,1100,1
647,2 ,5500000,1100,1
648,0,11900000,3600,0
649,0,11900000,3600,0
650,0,11900000,3600,0
651,0,11900000,3600,0
652,0,5999000,1800,0
653,0,5999000,1800,0
654,0,17900000,5400,0
655,0,17900000,5400,0
656,0,8999000,2700,0
657,0,8999000,2700,0
658,0,4499000,1350,0
659,0,4499000,1350,0
660,0,6598999,1980,0
661,0,6598999,1980,0
662,0,4949000,1485,0
663,0,4949000,1485,0
664,0,3749000,1125,0
665,0,3749000,1125,0
666,0,7979000,2394,0
667,0,7979000,2394,0
668,2 ,4100000,950,3
669,2 ,4200000,975,3
670,2 ,3700000,875,3
671,3 ,25000000,2810,3
672,3 ,32000000,3600,3
673,4 ,36800000,4140,3
674,4 ,31900000,3590,3
675,3 ,20299999,2290,3
676,3 ,25000000,2815,3
677,4 ,31800000,3580,3
678,3 ,25200000,2835,3
679,4 ,37300000,4200,3
680,3 ,20099999,2265,3
681,4 ,37100000,4170,3
682,3 ,22599999,2540,3
683,3 ,22500000,2535,3
684,3 ,20200000,2270,3
685,5 ,40300000,4530,3
686,3 ,22000000,2480,3
687,3 ,26700000,3005,3
688,5 ,45199999,5080,3
689,3 ,19800000,2225,3
690,5 ,40400000,4540,3
691,3 ,26900000,3030,3
692,3 ,26500000,2980,3
693,5 ,64000000,7200,3
694,3 ,19600000,2205,3
695,4 ,39200000,4410,3
696,3 ,28500000,3205,3
697,3 ,21400000,2410,3
698,3 ,28600000,3220,3
699,3 ,18900000,2125,3
700,3 ,21200000,2385,3
701,3 ,21300000,2400,3
702,5 ,53400000,6010,3
703,5 ,39600000,4450,3
704,4 ,42699999,4800,3
705,3 ,18600000,2100,3
706,4 ,32300000,3640,3
707,5 ,42400000,4770,3
708,4 ,57300000,6440,3
709,4 ,43099999,4845,3
710,4 ,32700000,3680,3
711,5 ,57000000,6410,3
712,4 ,35000000,3935,3
713,3 ,15000000,2150,3
714,3 ,15100000,2170,3
715,3 ,17800000,2550,3
716,3 ,14100000,2020,3
717,3 ,12300000,1760,3
718,3 ,17100000,2450,3
719,3 ,15500000,2220,3
720,3 ,14600000,2100,3
721,3 ,11200000,1610,3
722,3 ,14700000,2110,3
723,3 ,18100000,2600,3
724,3 ,15300000,2190,3
725,3 ,13400000,1920,3
726,3 ,21200000,3030,3
727,3 ,16700000,2090,1
728,3 ,16800000,2100,1
729,3 ,16800000,2100,1
730,3 ,14400000,1810,1
731,3 ,14400000,1810,1
732,3 ,22000000,2760,1
733,3 ,22000000,2760,1
734,3 ,15500000,1940,1
735,3 ,15500000,1940,1
736,3 ,16600000,2075,1
737,3 ,16600000,2075,1
738,0,2500000,12150,2
739,3 ,18200000,2285,1
740,3 ,18200000,2285,1
741,3 ,22599999,2830,1
742,3 ,22599999,2830,1
743,3 ,18400000,2300,1
744,3 ,18400000,2300,1
745,3 ,14200000,1775,1
746,3 ,14200000,1775,1
747,3 ,25600000,3205,1
748,3 ,25600000,3205,1
749,3 ,14000000,1750,1
750,3 ,14000000,1750,1
751,3 ,15600000,1955,1
752,3 ,15600000,1955,1
753,3 ,19200000,2405,1
754,3 ,19200000,2405,1
755,3 ,16700000,2090,1
756,0,2000000,1485,0
757,0,3400000,1485,0
758,0,3976000,2754,0
759,0,2625000,1818,0
760,0,2404000,1665,0
761,2 ,5000000,1020,1
762,2 ,6500000,1350,1
763,3 ,8749000,1535,1
764,2 ,7998999,1225,1
765,2 ,5900000,1230,1
766,3 ,6200000,1440,1
767,3 ,7998999,1586,1
768,2 ,8500000,1102,1
769,2 ,8000000,1450,3
770,10 ,34000000,7000,1
771,2 ,8900000,1400,3
772,3 ,4000000,1000,3
773,3 ,12600000,1630,3
774,2 ,2900000,1150,3
775,2 ,5300000,1100,1
776,2 ,5300000,1100,1
777,2 ,5300000,1110,1
778,2 ,5736000,1195,1
779,3 ,8300000,1595,1
780,2 ,7343000,1310,1
781,2 ,5800000,1140,1
782,3 ,6200000,1510,1
783,2 ,5900000,1140,1
784,3 ,7000000,1440,1
785,3 ,13500000,2050,1
786,2 ,9000000,1380,3
787,2 ,8400000,1450,1
788,5 ,149800000,6500,1
789,0,9781000,4797,0
790,2 ,6900000,1220,1
791,3 ,16800000,2377,3
792,2 ,5800000,1200,1
793,0,2500000,12150,2
794,3 ,15000000,1655,1
795,3 ,9700000,1030,3
796,2 ,15000000,1350,3
797,0,25200000,3150,0
798,0,17200000,2160,0
799,0,19200000,2400,0
800,0,6980000,3600,0
801,0,6980000,3600,0
802,0,3141000,1620,0
803,0,3141000,1620,0
804,0,6980000,3600,0
805,0,6980000,3600,0
806,0,3141000,1620,0
807,0,3141000,1620,0
808,2 ,3850000,960,3
809,2 ,5500000,1091,1
810,3 ,15000000,2385,3
811,3 ,9000000,1150,1
812,2 ,10200000,1350,1
813,5 ,14500000,3100,3
814,8 ,20000000,4160,1
815,3 ,9000000,1100,1
816,3 ,8700000,1500,1
817,4 ,8000000,1300,1
818,2 ,3850000,960,3
819,2 ,5300000,1060,3
820,2 ,5600000,1055,1
821,2 ,3100000,1100,3
822,4 ,11000000,1250,3
823,3 ,7900000,1490,1
824,2 ,6000000,950,1
825,5 ,55000000,3500,1
826,2 ,4500000,1065,3
827,4 ,11000000,2600,3
828,3 ,8000000,1392,3
829,3 ,6450000,1700,3
830,2 ,4500000,1100,1
831,2 ,6125000,1250,3
832,3 ,6200000,1500,3
833,3 ,8500000,1690,1
834,3 ,37000000,3426,1
835,3 ,8600000,1385,3
836,2 ,8700000,1350,1
837,2 ,8700000,1200,1
838,2 ,8700000,1200,1
839,3 ,6800000,1495,1
840,3 ,8600000,1360,3
841,2 ,9600000,1250,1
842,4 ,23900000,3382,1
843,2 ,6700000,1100,1
844,2 ,8900000,1002,1
845,3 ,7500000,1460,1
846,2 ,6600000,1200,3
847,3 ,6200000,1500,3
848,2 ,6000000,1350,3
849,3 ,11800000,1595,3
850,2 ,9900000,1235,1
851,8 ,28900000,3800,1
852,3 ,7700000,1600,3
853,2 ,18000000,1000,1
854,4 ,19000000,2500,1
855,3 ,12000000,2551,3
856,2 ,4300000,950,1
857,3 ,7300000,1640,1
858,4 ,9300000,1350,3
859,2 ,3749000,940,1
860,5 ,41000000,4000,1
861,7 ,17000000,5421,1
862,4 ,20000000,2000,3
863,2 ,5300000,945,1
864,2 ,3000000,1100,3
865,2 ,6500000,1000,1
866,2 ,3800000,800,1
867,3 ,40000000,1575,1
868,3 ,9100000,1400,3
869,3 ,13200000,1695,3
870,3 ,8500000,1300,1
871,3 ,6800000,1510,1
872,3 ,8499000,1300,1
873,3 ,16500000,1680,1
874,3 ,8500000,1550,1
875,3 ,10700000,1850,1
876,3 ,10700000,1650,1
877,2 ,6440000,1100,1
878,3 ,14500000,2211,3
879,2 ,8200000,1400,1
880,3 ,9690000,1700,3
881,3 ,10800000,1500,1
882,3 ,9500000,1980,1
883,2 ,7650000,1213,1
884,2 ,9600000,1380,3
885,2 ,10500000,1575,1
886,3 ,9800000,1500,1
887,3 ,10100000,1620,1
888,3 ,31000000,2676,1
889,2 ,5700000,842,1
890,3 ,11500000,2440,3
891,2 ,6600000,1050,1
892,6 ,68500000,5000,1
893,3 ,8700000,1368,1
894,2 ,6200000,1252,1
895,10 ,25000000,6000,1
896,3 ,10000000,1500,3
897,4 ,40000000,3500,1
898,3 ,6800000,1509,1
899,3 ,13899999,2200,3
900,3 ,15900000,1850,3
901,3 ,16000000,2021,1
902,2 ,4000000,843,1
903,2 ,6800000,1320,3
904,3 ,11000000,2700,1
905,2 ,3100000,1200,3
906,3 ,16000000,1976,3
907,2 ,5400000,1200,1
908,3 ,6000000,1900,3
909,2 ,8000000,1260,3
910,2 ,4493000,1045,1
911,2 ,4700000,1035,3
912,2 ,6400000,1080,1
913,2 ,7200000,1215,3
914,3 ,16800000,2100,1
915,2 ,11000000,1198,1
916,2 ,7500000,1271,1
917,2 ,5500000,800,1
918,2 ,6950000,1130,3
919,2 ,4200000,990,1
920,2 ,3359000,840,3
921,3 ,38500000,4302,1
922,3 ,13500000,1600,1
923,4 ,23000000,3840,3
924,3 ,14800000,2100,1
925,2 ,6900000,1315,3
926,4 ,12000000,3000,1
927,2 ,17500000,1798,1
928,2 ,12500000,1297,1
929,3 ,15500000,2650,3
930,2 ,5500000,1140,1
931,2 ,5100000,1020,1
932,3 ,30000000,2000,1
933,3 ,15000000,1100,1
934,4 ,4800000,1000,1
935,2 ,4800000,1000,1
936,2 ,4800000,1000,1
937,2 ,6550000,1260,3
938,3 ,9000000,1760,1
939,2 ,4900000,1300,1
940,3 ,8000000,1250,1
941,3 ,17800000,2100,3
942,2 ,4600000,1000,1
943,3 ,11200000,1750,1
944,2 ,5500000,1350,3
945,2 ,7000000,1175,1
946,3 ,9000000,1686,1
947,3 ,7000000,4000,1
948,3 ,3800000,1210,1
949,4 ,24000000,5180,1
950,2 ,8900000,1100,1
951,5 ,100000000,6000,1
952,3 ,5500000,1314,1
953,3 ,15000000,1100,1
954,3 ,18000000,1850,1
955,3 ,8500000,1680,1
956,2 ,5900000,928,1
957,3 ,16500000,1680,1
958,3 ,8500000,1550,1
959,3 ,10700000,1850,1
960,3 ,10700000,1650,1
961,2 ,6440000,1100,1
962,3 ,14500000,2211,3
963,2 ,8200000,1400,1
964,2 ,7200000,1050,1
965,2 ,6208000,1267,1
966,2 ,7318000,1220,3
967,2 ,6500000,1000,1
968,2 ,3800000,800,1
969,3 ,40000000,1575,1
970,3 ,9100000,1400,3
971,3 ,13200000,1695,3
972,3 ,8500000,1300,1
973,3 ,6800000,1510,1
974,3 ,8499000,1300,1
975,3 ,6800000,1550,1
976,2 ,7000000,1000,1
977,2 ,5500000,1140,1
978,2 ,5100000,1020,1
979,3 ,30000000,2000,1
980,3 ,6200000,1500,3
981,3 ,8500000,1690,1
982,2 ,11500000,2300,3
983,3 ,10800000,1500,1
984,3 ,9500000,1980,1
985,2 ,7650000,1213,1
986,2 ,9600000,1380,3
987,2 ,10500000,1575,1
988,3 ,9800000,1500,1
989,3 ,10100000,1620,1
990,2 ,3100000,800,1
991,2 ,6318000,1215,1
992,3 ,9200000,1470,1
993,3 ,4000000,1050,1
994,2 ,5999000,1646,1
995,4 ,19000000,3200,1
996,2 ,8700000,1350,1
997,3 ,11500000,2440,3
998,2 ,6600000,1050,1
999,6 ,68500000,5000,1
1000,3 ,11200000,1750,1
1001,2 ,5500000,1350,3
1002,5 ,12000000,2620,3
1003,3 ,9000000,1686,1
1004,3 ,7000000,4000,1
1005,3 ,3800000,1210,1
1006,2 ,8600000,1250,3
1007,2 ,6000000,1251,3
1008,2 ,5800000,1170,3
1009,3 ,13899999,1800,1
1010,3 ,12700000,2400,1
1011,3 ,13000000,1802,1
1012,3 ,5400000,1190,3
1013,2 ,5500000,917,1
1014,3 ,13500000,1305,1
1015,2 ,5052000,1175,3
1016,2 ,25000000,2340,1
1017,4 ,13500000,3017,3
1018,3 ,8550000,1500,3
1019,2 ,3800000,1125,3
1020,2 ,9000000,999,1
1021,3 ,9670000,1728,3
1022,2 ,4500000,1100,1
1023,3 ,13200000,2200,1
1024,4 ,45000000,3455,1
1025,4 ,5900000,1560,1
1026,2 ,7000000,1175,1
1027,3 ,11700000,1700,3
1028,4 ,24000000,5180,1
1029,5 ,50000000,5000,1
1030,5 ,50000000,5000,1
1031,5 ,50000000,5000,1
1032,3 ,6000000,1257,1
1033,3 ,16500000,1400,1
1034,10 ,37000000,5400,1
1035,2 ,9200000,1150,1
1036,2 ,5400000,1100,1
1037,2 ,6954000,1220,3
1038,3 ,17900000,2050,3
1039,3 ,9100000,1555,1
1040,2 ,4000000,1000,1
1041,6 ,19000000,3500,1
1042,2 ,6600000,1260,3
1043,2 ,6208000,1267,1
1044,2 ,6600000,900,3
1045,4 ,38500000,2200,1
1046,2 ,7200000,1050,1
1047,4 ,9000000,2000,3
1048,2 ,5969000,1148,3
1049,2 ,6300000,1145,1
1050,2 ,5040000,1160,1
1051,2 ,6540000,1190,1
1052,3 ,7700000,1400,3
1053,3 ,7500000,1350,1
1054,2 ,4000000,1035,1
1055,2 ,3600000,1200,3
1056,2 ,5000000,1050,1
1057,2 ,7318000,1220,3
1058,4 ,19000000,3200,1
1059,2 ,8700000,1350,1
1060,3 ,24200000,1735,1
1061,7 ,17500000,5200,1
1062,2 ,5500000,1080,1
1063,3 ,8000000,1250,1
1064,2 ,3100000,800,1
1065,2 ,6318000,1215,1
1066,3 ,9200000,1470,1
1067,3 ,4000000,1050,1
1068,2 ,5999000,1646,1
1069,2 ,6000000,1260,3
1070,2 ,9000000,1269,1
1071,2 ,16200000,2055,3
1072,10 ,32000000,5000,1
1073,2 ,8900000,1100,1
1074,5 ,100000000,6000,1
1075,3 ,5500000,1314,1
1076,2 ,11500000,2300,3
1077,3 ,7000000,1580,3
1078,2 ,3000000,1250,3
1079,2 ,4400000,1200,3
1080,2 ,4400000,1200,3
1081,2 ,4400000,1200,3
1082,2 ,4400000,1200,3
1083,2 ,4400000,1200,3
1084,2 ,5296000,1142,3
1085,2 ,5000000,1182,3
1086,2 ,5000000,1182,3
1087,2 ,5000000,1182,3
1088,2 ,5000000,1182,3
1089,2 ,5000000,1182,3
1090,2 ,5000000,1182,3
1091,2 ,5000000,1182,3
1092,2 ,5000000,1182,3
1093,2 ,5000000,1182,3
1094,2 ,5000000,1182,3
1095,2 ,5000000,1182,3
1096,2 ,5000000,1182,3
1097,9 ,29000000,5400,1
1098,9 ,29000000,5400,1
1099,9 ,29000000,5400,1
1100,9 ,29000000,5400,1
1101,3 ,10300000,1450,3
1102,3 ,10300000,1450,3
1103,3 ,10100000,1450,3
1104,3 ,10300000,1450,3
1105,3 ,13100000,2184,3
1106,8 ,62500000,4795,1
1107,3 ,10100000,1726,1
1108,2 ,2850000,1140,3
1109,2 ,5700000,1140,1
1110,2 ,6800000,1205,3
1111,2 ,3600000,1100,3
1112,3 ,12200000,2040,3
1113,3 ,20500000,1926,1
1114,3 ,7000000,1405,1
1115,5 ,30000000,2450,1
1116,2 ,6000000,1260,3
1117,3 ,9535000,1538,3
1118,3 ,9331000,1505,3
1119,2 ,7719000,1245,3
1120,3 ,9734000,1570,3
1121,2 ,7502000,1210,3
1122,3 ,9362000,1510,3
1123,2 ,7284999,1175,3
1124,3 ,9176000,1480,3
1125,3 ,9579000,1545,3
1126,3 ,9393000,1515,3
1127,3 ,9672000,1560,3
1128,3 ,9300000,1500,3
1129,3 ,10600000,1840,3
1130,3 ,8758000,1510,3
1131,3 ,11399999,1975,3
1132,3 ,11000000,1910,3
1133,3 ,11800000,2040,3
1134,4 ,16800000,2910,3
1135,3 ,11399999,1980,3
1136,3 ,11700000,2030,3
1137,2 ,6380000,1100,3
1138,3 ,10600000,1830,3
1139,2 ,7134000,1230,3
1140,3 ,9309000,1605,3
1141,3 ,12000000,2080,3
1142,3 ,14400000,2495,3
1143,2 ,6931000,1195,3
1144,4 ,17500000,3030,3
1145,3 ,11100000,1915,3
1146,3 ,15000000,2590,3
1147,4 ,18200000,3150,3
1148,3 ,12700000,2200,3
1149,2 ,6583000,1135,3
1150,3 ,10800000,1865,3
1151,2 ,8095000,1285,1
1152,3 ,10700000,1700,1
1153,2 ,8177000,1298,1
1154,3 ,10400000,1665,1
1155,0,2450000,1503,2
1156,0,4170000,1500,2
1157,0,2588000,1503,2
1158,0,22000000,3600,2
1159,0,3400000,1800,2
1160,0,900000,1350,2
1161,0,3840000,1500,2
1162,0,3200000,1800,2
1163,0,2100000,1350,2
1164,0,900000,1350,2
1165,0,2600000,1800,2
1166,0,2400000,2080,2
1167,0,2100000,1800,2
1168,0,2800000,1485,2
1169,0,2600000,1800,2
1170,0,825000,1350,2
1171,0,8000000,4500,2
1172,0,1800000,1800,2
1173,0,1800000,1800,2
1174,0,1800000,1800,2
1175,0,1800000,1800,2
1176,0,1800000,1800,2
1177,0,2700000,900,2
1178,0,1240000,1485,2
1179,0,6800000,9860,2
1180,0,2839000,1503,2
1181,0,3899000,2700,2
1182,0,1320000,1500,2
1183,0,1200000,1647,2
1184,0,2700000,900,2
1185,0,6800000,9860,2
1186,0,3100000,1500,2
1187,0,8560000,1800,2
1188,0,2200000,1800,2
1189,0,2200000,1530,2
1190,0,4800000,1350,2
1191,0,1200000,1530,2
1192,0,2670000,1201,2
1193,0,2400000,1350,2
1194,0,6600000,2244,2
1195,0,30000000,1800,2
1196,0,25000000,1746,2
1197,0,2400000,2000,2
1198,0,1455000,1800,2
1199,0,3025000,5445,2
1200,0,1000000,1800,2
1201,0,19500000,11700,2
1202,0,3200000,1800,2
1203,0,4000000,1800,2
1204,0,5562000,2781,2
1205,0,3500000,13527,2
1206,0,2475000,1500,2
1207,0,1700000,1125,2
1208,0,2850000,1503,2
1209,0,4900000,2054,2
1210,0,2500000,1485,2
1211,0,6600000,1800,2
1212,0,1125000,1350,2
1213,0,4600000,2196,2
1214,0,2800000,1044,2
1215,0,6250000,4500,2
1216,0,3958000,1827,2
1217,0,3800000,1800,2
1218,0,9210000,5526,2
1219,0,1000000,1350,2
1220,0,907000,1350,2
1221,0,735000,1323,2
1222,0,4400000,3600,2
1223,0,1450000,1500,2
1224,0,8811000,2403,2
1225,0,2249000,1350,2
1226,0,3547999,1330,2
1227,0,7000000,1800,2
1228,0,2498000,1800,2
1229,0,1599000,1800,2
1230,0,16500000,4500,2
1231,0,3200000,1224,2
1232,0,7000000,18000,2
1233,0,2800000,1800,2
1234,0,9000000,2700,2
1235,0,1800000,1485,2
1236,0,3660000,1647,2
1237,0,4941000,1647,2
1238,0,3060000,2754,2
1239,0,2700000,1500,2
1240,0,2145000,1485,2
1241,0,1950000,1350,2
1242,0,1299000,1485,2
1243,0,1300000,1485,2
1244,0,1401000,1494,2
1245,0,1300000,1485,2
1246,0,32000000,2403,2
1247,0,32000000,2403,2
1248,0,10500000,1170,2
1249,0,2200000,1800,2
1250,0,6600000,1800,2
1251,0,2450000,1350,2
1252,0,3300000,1503,2
1253,0,430000000,10080,2
1254,0,1567000,1485,2
1255,0,4392000,1650,2
1256,0,2250000,13230,2
1257,0,1650000,12834,2
1258,0,2200000,2727,2
1259,0,2655000,1494,2
1260,0,1323000,1323,2
1261,0,2800000,3600,2
1262,0,1300000,1323,2
1263,0,37800000,15120,2
1264,0,8800000,2000,2
1265,0,4500000,1800,2
1266,0,4500000,1800,2
1267,0,4500000,1800,2
1268,0,4500000,1800,2
1269,0,4500000,1800,2
1270,0,4500000,1800,2
1271,0,4500000,1800,2
1272,0,3500000,2700,2
1273,0,2400000,1800,2
1274,0,2400000,1800,2
1275,0,2400000,1800,2
1276,0,3400000,1800,2
1277,0,3400000,1800,2
1278,0,3400000,1800,2
1279,0,3400000,1800,2
1280,0,3400000,1800,2
1281,0,3600000,2700,2
1282,0,3600000,2700,2
1283,0,3600000,2700,2
1284,0,4400000,1503,2
1285,0,2929000,1815,2
1286,0,4199000,1800,2
1287,0,2400000,1503,2
1288,0,825000,1350,2
1289,0,1450000,1350,2
1290,0,2524000,1800,2
1291,3 ,14800000,1636,3
1292,3 ,13600000,1502,3
1293,3 ,14900000,1646,3
1294,3 ,17700000,1950,3
1295,3 ,15300000,1686,3
1296,3 ,17100000,1887,3
1297,3 ,17200000,1893,3
1298,3 ,13600000,1497,3
1299,3 ,17200000,1891,3
1300,3 ,13600000,1498,3
1301,3 ,14400000,1585,3
1302,3 ,16800000,1857,3
1303,3 ,16900000,1864,3
1304,3 ,15100000,1663,3
1305,3 ,17000000,2627,3
1306,3 ,6322000,1405,3
1307,3 ,6322000,1405,3
1308,3 ,7087000,1575,3
1309,3 ,7087000,1575,3
1310,3 ,6795000,1510,3
1311,3 ,6795000,1510,3
1312,2 ,5580000,1240,3
1313,2 ,5580000,1240,3
1314,2 ,6367000,1415,3
1315,2 ,6367000,1415,3
1316,3 ,7559999,1680,3
1317,3 ,7559999,1680,3
1318,2 ,6255000,1390,3
1319,2 ,6255000,1390,3
1320,3 ,6412000,1425,3
1321,3 ,6412000,1425,3
1322,2 ,5715000,1270,3
1323,2 ,5715000,1270,3
1324,2 ,5850000,1300,3
1325,2 ,5850000,1300,3
1326,3 ,6200000,1652,3
1327,3 ,6100000,1652,3
1328,3 ,6800000,1650,3
1329,3 ,6000000,1650,3
1330,3 ,8615000,1833,3
1331,3 ,9127000,1942,3
1332,3 ,8615000,1833,3
1333,3 ,9127000,1942,3
1334,2 ,6382000,1358,3
1335,2 ,6382000,1358,3
1336,3 ,8723000,1856,3
1337,3 ,8723000,1856,3
1338,3 ,7628000,1623,3
1339,3 ,7628000,1623,3
1340,2 ,6409999,1364,3
1341,2 ,6409999,1364,3
1342,3 ,16700000,2300,3
1343,2 ,11000000,1515,3
1344,4 ,30400000,3800,1
1345,3 ,13500000,2260,3
1346,3 ,13500000,2260,3
1347,3 ,9040000,1507,3
1348,3 ,9040000,1507,3
1349,3 ,13500000,2260,3
1350,3 ,13500000,2260,3
1351,3 ,9040000,1507,3
1352,3 ,9040000,1507,3
1353,2 ,12600000,1492,1
1354,2 ,12600000,1492,1
1355,2 ,10900000,1283,1
1356,2 ,10900000,1283,1
1357,2 ,12600000,1492,1
1358,2 ,12600000,1492,1
1359,2 ,10900000,1283,1
1360,2 ,10900000,1283,1
1361,4 ,23000000,2708,1
1362,4 ,23000000,2708,1
1363,2 ,11900000,1410,1
1364,2 ,11900000,1410,1
1365,4 ,43400000,3333,3
1366,4 ,43400000,3333,3
1367,3 ,24900000,2552,3
1368,3 ,24900000,2552,3
1369,4 ,43400000,3333,3
1370,4 ,43400000,3333,3
1371,3 ,24900000,2552,3
1372,3 ,24900000,2552,3
1373,4 ,34900000,3030,3
1374,4 ,34900000,3030,3
1375,4 ,48000000,3939,3
1376,4 ,48000000,3939,3
1377,3 ,14000000,1905,3
1378,3 ,14000000,1905,3
1379,3 ,15600000,2120,3
1380,3 ,14000000,1905,3
1381,3 ,14000000,1905,3
1382,3 ,15600000,2120,3
1383,3 ,15600000,2120,3
1384,5 ,60900000,6781,1
1385,5 ,60900000,6781,1
1386,4 ,37300000,4157,1
1387,4 ,37300000,4157,1
1388,3 ,18400000,2220,1
1389,5 ,60900000,6781,1
1390,5 ,60900000,6781,1
1391,3 ,18400000,2220,1
1392,2 ,12000000,1450,1
1393,4 ,37300000,4157,1
1394,4 ,37300000,4157,1
1395,3 ,18400000,2220,1
1396,3 ,26100000,2910,1
1397,2 ,12000000,1450,1
1398,3 ,26100000,2910,1
1399,2 ,12000000,1450,1
1400,4 ,37100000,4132,1
1401,4 ,37100000,4132,1
1402,3 ,12800000,1550,1
1403,3 ,12800000,1550,1
1404,5 ,77200000,8596,1
1405,5 ,77200000,8596,1
1406,2 ,9626000,1160,1
1407,2 ,9626000,1160,1
1408,4 ,42200000,4701,1
1409,4 ,42200000,4701,1
1410,4 ,36200000,4027,1
1411,4 ,36200000,4027,1
1412,5 ,64100000,7141,1
1413,5 ,64100000,7141,1
1414,5 ,74000000,8234,1
1415,5 ,74000000,8234,1
1416,4 ,40400000,4496,1
1417,4 ,40400000,4496,1
1418,3 ,28100000,3130,1
1419,3 ,28100000,3130,1
1420,4 ,41500000,4618,1
1421,4 ,41500000,4618,1
1422,4 ,41000000,4568,1
1423,4 ,41000000,4568,1
1424,5 ,64300000,7161,1
1425,5 ,64300000,7161,1
1426,5 ,64800000,7218,1
1427,5 ,64800000,7218,1
1428,5 ,60100000,6686,1
1429,5 ,60100000,6686,1
1430,5 ,68000000,7574,1
1431,5 ,68000000,7574,1
1432,5 ,67900000,7561,1
1433,5 ,67900000,7561,1
1434,4 ,39600000,4408,1
1435,4 ,39600000,4408,1
1436,4 ,35800000,3986,1
1437,4 ,35800000,3986,1
1438,5 ,72400000,8059,1
1439,5 ,72400000,8059,1
1440,5 ,62900000,7000,1
1441,5 ,62900000,7000,1
1442,4 ,40700000,4535,1
1443,4 ,40700000,4535,1
1444,4 ,36000000,4012,1
1445,4 ,36000000,4012,1
1446,4 ,39900000,4448,1
1447,4 ,39900000,4448,1
1448,4 ,34900000,3889,1
1449,4 ,34900000,3889,1
1450,4 ,43099999,4799,1
1451,4 ,43099999,4799,1
1452,5 ,66500000,7404,1
1453,5 ,66500000,7404,1
1454,3 ,23600000,2626,1
1455,3 ,23600000,2626,1
1456,4 ,35500000,3959,1
1457,4 ,35500000,3959,1
1458,5 ,62500000,6958,1
1459,5 ,62500000,6958,1
1460,4 ,43400000,4829,1
1461,4 ,43400000,4829,1
1462,5 ,69200000,7778,3
1463,5 ,69200000,7778,3
1464,5 ,69200000,7778,3
1465,5 ,69200000,7778,3
1466,4 ,58400000,6566,3
1467,4 ,58400000,6566,3
1468,5 ,71900000,8081,3
1469,5 ,71900000,8081,3
1470,4 ,78400000,8811,3
1471,4 ,78400000,8811,3
1472,4 ,30299999,3788,1
1473,4 ,30299999,3788,1
1474,4 ,30299999,3788,1
1475,4 ,30299999,3788,1
1476,4 ,30400000,3800,1
1477,3 ,12500000,1715,3
1478,3 ,11299999,1555,3
1479,0,2431000,1683,0
1480,0,2938000,2035,0
1481,0,2249000,1557,0
1482,0,3066000,1550,0
1483,0,2937000,1485,0
1484,0,2609000,1319,0
1485,0,2847000,1423,0
1486,0,4183000,2115,0
1487,0,4343000,2202,0
1488,3 ,6800000,1630,3
1489,3 ,6500000,1650,3
1490,3 ,7100000,1632,3
1491,3 ,7484999,1650,3
1492,3 ,7500000,1650,3
1493,3 ,7350000,1650,3
1494,3 ,7258000,1800,3
1495,0,3800000,1503,0
1496,0,3954999,1999,0
1497,0,3915999,1980,0
1498,0,1099000,1319,0
1499,0,7500000,2700,0
1500,0,7500000,2700,0
1501,0,6000000,2250,0
1502,0,6000000,2250,0
1503,0,5280000,1980,0
1504,0,7200000,2700,0
1505,0,4200000,1575,0
1506,0,3960000,1485,0
1507,0,2340000,1620,0
1508,0,4500000,1620,0
1509,0,3600000,1800,0
1510,0,5000000,2250,0
1511,0,5200000,2700,0
1512,0,3534000,1800,0
1513,0,3500000,1800,0
1514,0,3404000,1800,0
1515,0,2450000,1800,0
1516,0,1869000,2403,0
1517,0,1850000,1647,0
1518,0,5400000,2700,0
1519,0,5200000,2340,0
1520,0,5000000,1818,0
1521,0,3960000,1485,0
1522,0,3960000,1980,0
1523,0,4950000,1800,0
1524,0,5280000,1980,0
1525,2 ,4300000,900,1
1526,2 ,5400000,1000,1
1527,2 ,5500000,1000,1
1528,0,3450000,1800,0
1529,0,3560000,1791,0
1530,0,3579999,1800,0
1531,0,3550000,1800,0
1532,0,3600000,1800,0
1533,0,2400000,1800,0
1534,0,5000000,1800,0
1535,0,3900000,1503,0
1536,0,2499000,1800,0
1537,0,4332000,2052,0
1538,0,4400000,2088,0
1539,0,4065999,1926,0
1540,0,3686000,1746,0
1541,0,2755000,1305,0
1542,0,2926000,1386,0
1543,0,3667000,1737,0
1544,0,3610000,1710,0
1545,0,3971000,1881,0
1546,2 ,6800000,1150,1
1547,3 ,13500000,1580,1
1548,3 ,30000000,3240,1
1549,0,3100000,200,0
1550,0,2990000,1800,0
1551,3 ,18000000,2200,1
1552,3 ,18000000,2200,1
1553,0,6250000,2250,0
1554,4 ,33400000,3718,3
1555,4 ,33300000,3704,3
1556,0,5500000,1980,0
1557,0,5000000,200,0
1558,0,52200000,2610,0
1559,0,4560000,1710,0
1560,4 ,18200000,2240,1
1561,6 ,25500000,2700,1
1562,3 ,8500000,1500,1
1563,3 ,26900000,2450,1
1564,3 ,27700000,2526,1
1565,3 ,9117000,1572,3
1566,3 ,9117000,1572,3
1567,3 ,8850000,1526,3
1568,3 ,8850000,1526,3
1569,3 ,9117000,1572,3
1570,3 ,9117000,1572,3
1571,3 ,8850000,1526,3
1572,3 ,8850000,1526,3
1573,3 ,6207000,1514,1
1574,3 ,6379000,1556,1
1575,2 ,5063000,1235,1
1576,2 ,5457000,1331,1
1577,0,4758000,1647,0
1578,0,4810000,1665,0
1579,0,5252000,1818,0
1580,3 ,8700000,1500,1
1581,3 ,14100000,1550,1
1582,2 ,7500000,1200,1
1583,3 ,7500000,1300,1
1584,3 ,8400000,1500,1
1585,2 ,6500000,1100,1
1586,3 ,14000000,1550,1
1587,0,2100000,1350,0
1588,0,2730000,1755,0
1589,0,2520000,1620,0
1590,0,2590000,1665,0
1591,0,2940000,1890,0
1592,0,3514000,2259,0
1593,0,2548000,1638,0
1594,0,2450000,1575,0
1595,0,2170000,1395,0
1596,0,2057999,1323,0
1597,0,2380000,1530,0
1598,0,2422000,1557,0
1599,0,3108000,1998,0
1600,0,2380000,1530,0
1601,0,2422000,1557,0
1602,0,3108000,1998,0
1603,0,3220000,2070,0
1604,0,2212000,1422,0
1605,0,2290000,1485,0
1606,0,3611999,2322,0
1607,0,4662000,2997,0
1608,0,3052000,1962,0
1609,0,3150000,2025,0
1610,0,2408000,1548,0
1611,0,6412000,4122,0
1612,0,3234000,2079,0
1613,0,3556000,2286,0
1614,0,5236000,3366,0
1615,0,4508000,2898,0
1616,0,2057000,1323,0
1617,0,3500000,2250,0
1618,0,4480000,2800,0
1619,0,4380000,2817,0
1620,2 ,6800000,1650,3
1621,2 ,4200000,1000,1
1622,2 ,6500000,1100,1
1623,2 ,3500000,850,1
1624,0,5760000,2160,0
1625,0,5760000,2160,0
1626,0,6959999,2610,0
1627,0,6959999,2610,0
1628,0,5760000,2160,0
1629,0,5760000,2160,0
1630,0,6959999,2610,0
1631,0,6959999,2610,0
1632,0,4896000,1836,0
1633,0,4896000,1836,0
1634,0,7200000,2700,0
1635,0,7200000,2700,0
1636,0,5280000,1980,0
1637,0,5280000,1980,0
1638,0,6480000,2430,0
1639,0,6480000,2430,0
1640,0,6720000,2520,0
1641,0,6720000,2520,0
1642,0,5040000,1890,0
1643,0,5040000,1890,0
1644,0,6000000,2250,0
1645,0,6000000,2250,0
1646,0,6240000,2340,0
1647,0,6240000,2340,0
1648,0,5520000,2070,0
1649,0,5520000,2070,0
1650,2 ,7200000,1150,1
1651,0,3588000,1800,0
1652,0,2800000,1620,0
1653,0,2500000,1800,0
1654,0,3500000,1800,0
1655,1 ,3000000,550,1
1656,0,3476000,2241,0
1657,3 ,7678000,1600,3
1658,2 ,5748000,1150,3
1659,3 ,7678000,1600,3
1660,2 ,5348000,1070,1
1661,0,3056000,1716,0
1662,0,2768000,1560,0
1663,0,4000000,150,0
1664,0,1500000,150,0
1665,0,4000000,1440,2
1666,3 ,20900000,2460,1
1667,3 ,13100000,1550,1
1668,0,3950000,1503,0
1669,2 ,5700000,1000,1
1670,0,2399000,1800,0
1671,0,1798999,1350,0
1672,0,1979000,1485,0
1673,0,2999000,2250,0
1674,0,2699000,2025,0
1675,0,4079999,2160,0
1676,3 ,32000000,3240,1
1677,3 ,16500000,2000,1
1678,3 ,16500000,2000,1
1679,0,2850000,1800,0
1680,0,1800000,1080,0
1681,0,2900000,1800,0
1682,0,5400000,2250,0
1683,0,2900000,199,0
1684,0,2800000,180,0
1685,0,2250000,150,0
1686,0,4725000,3150,0
1687,0,4725000,3150,0
1688,0,2214000,1476,0
1689,0,2214000,1476,0
1690,0,2700000,1800,0
1691,0,2700000,1800,0
1692,0,4725000,3150,0
1693,0,4725000,3150,0
1694,0,2214000,1476,0
1695,0,2214000,1476,0
1696,0,2700000,1800,0
1697,0,2700000,1800,0
1698,0,2025000,1350,0
1699,0,2025000,1350,0
1700,0,2119000,1413,0
1701,0,2119000,1413,0
1702,0,2187000,1458,0
1703,0,2187000,1458,0
1704,0,2281000,1521,0
1705,0,2281000,1521,0
1706,0,2389000,1593,0
1707,0,3240000,2160,0
1708,0,2389000,1593,0
1709,0,2254000,1503,0
1710,0,3240000,2160,0
1711,0,4050000,2700,0
1712,0,2470000,1647,0
1713,0,2254000,1503,0
1714,0,2173000,1449,0
1715,0,2970000,1980,0
1716,0,4050000,2700,0
1717,0,2835000,1890,0
1718,0,2470000,1647,0
1719,0,3375000,2250,0
1720,0,2173000,1449,0
1721,0,3604000,2403,0
1722,0,2970000,1980,0
1723,0,2241000,1494,0
1724,0,2835000,1890,0
1725,0,3375000,2250,0
1726,0,3604000,2403,0
1727,0,2241000,1494,0
1728,0,10500000,6300,0
1729,0,9001000,5400,0
1730,0,10500000,6300,0
1731,0,10500000,6300,0
1732,0,9001000,5400,0
1733,0,9001000,5400,0
1734,0,6601000,3960,0
1735,0,6601000,3960,0
1736,0,4950000,2970,0
1737,0,4950000,2970,0
1738,0,15000000,9000,0
1739,0,15000000,9000,0
1740,3 ,9300000,1450,1
1741,0,400000,1200,2
1742,0,336000,1080,2
1743,0,2400000,200,0
1744,3 ,12100000,1719,3
1745,3 ,11500000,1629,3
1746,3 ,7941000,1431,3
1747,2 ,6500000,1075,1
1748,2 ,5700000,1050,1
1749,2 ,5700000,1050,1
1750,3 ,12100000,1664,3
1751,3 ,12100000,1665,3
1752,2 ,8514000,1531,3
1753,2 ,6981999,1242,3
1754,3 ,12400000,1881,3
1755,3 ,8842000,1593,3
1756,3 ,8509000,1530,3
1757,3 ,11500000,1628,3
1758,3 ,8735000,1628,3
1759,2 ,6814000,1108,3
1760,3 ,11500000,1628,3
1761,3 ,8735000,1628,3
1762,0,2561000,1647,0
1763,0,1109000,999,0
1764,0,3999000,1800,0
1765,0,1738000,1647,0
1766,0,2227000,1485,0
1767,0,4400000,1980,0
1768,0,22200000,1485,0
1769,0,1567000,1485,0
1770,0,1972000,1224,0
1771,0,1567000,1485,0
1772,0,2227000,1485,0
1773,3 ,13799999,1877,3
1774,3 ,13799999,1605,3
1775,3 ,18000000,2540,3
1776,3 ,13799999,1877,3
1777,3 ,13899999,1605,3
1778,3 ,18900000,2656,3
1779,3 ,14600000,2064,3
1780,3 ,13799999,1958,3
1781,3 ,18000000,2540,3
1782,3 ,12000000,2100,1
1783,2 ,7000000,1200,1
1784,3 ,8500000,1463,3
1785,3 ,10900000,1880,3
1786,3 ,10700000,1459,3
1787,3 ,10700000,1458,3
1788,3 ,12100000,1718,3
1789,0,4590000,2754,0
1790,0,3030000,1818,0
1791,0,2775000,1665,0
1792,3 ,6450000,1745,3
1793,3 ,6500000,1640,3
1794,3 ,6584000,1658,3
1795,3 ,6528000,1650,3
1796,0,2599000,1800,0
1797,0,2599000,1800,0
1798,0,2313000,1602,0
1799,0,2313000,1602,0
1800,0,2599000,1800,0
1801,0,2599000,1800,0
1802,0,2313000,1602,0
1803,0,2313000,1602,0
1804,0,2170000,1503,0
1805,0,2170000,1503,0
1806,0,2079000,1440,0
1807,0,2079000,1440,0
1808,0,2378000,1647,0
1809,0,2378000,1647,0
1810,0,1948999,1350,0
1811,0,1948999,1350,0
1812,0,1754000,1215,0
1813,0,1754000,1215,0
1814,0,3249000,2250,0
1815,0,3249000,2250,0
1816,0,3469000,2403,0
1817,0,3469000,2403,0
1818,0,2495000,1728,0
1819,0,2495000,1728,0
1820,2 ,5893000,1179,1
1821,3 ,7378000,1476,1
1822,3 ,6928000,1386,1
1823,3 ,7108000,1422,1
1824,3 ,6793000,1359,1
1825,3 ,8143000,1629,1
1826,3 ,7153000,1431,1
1827,2 ,5197000,1155,3
1828,2 ,5197000,1155,3
1829,2 ,5197000,1155,3
1830,3 ,9190000,1718,3
1831,3 ,8755000,1631,3
1832,3 ,9374000,1530,3
1833,2 ,6984999,1243,3
1834,3 ,9695000,1719,3
1835,3 ,8300000,1575,3
1836,1 ,3000000,617,3
1837,2 ,7500000,1312,3
1838,3 ,10000000,1843,3
1839,3 ,12000000,1590,3
1840,2 ,6000000,1100,3
1841,2 ,22799999,2688,3
1842,2 ,2100000,700,1
1843,2 ,2100000,700,1
1844,2 ,7500000,1150,1
1845,2 ,6400000,1050,1
1846,2 ,6300000,1100,1
1847,3 ,11000000,1400,1
1848,1 ,5000000,450,1
1849,0,4400000,1800,0
1850,2 ,6500000,1120,1
1851,2 ,3750000,800,1
1852,2 ,28000000,2700,1
1853,3 ,8000000,1650,1
1854,2 ,4500000,1150,1
1855,1 ,4200000,1000,1
1856,2 ,7904000,1520,3
1857,5 ,19000000,4300,1
1858,2 ,5500000,1080,1
1859,3 ,8692000,2350,3
1860,3 ,7398000,2000,3
1861,2 ,4716000,1275,3
1862,3 ,9709000,2625,3
1863,2 ,4383000,1185,3
1864,3 ,5733000,1550,3
1865,2 ,3883000,1050,3
1866,3 ,6584000,1780,3
1867,2 ,4808000,1300,3
1868,2 ,6300000,1000,1
1869,3 ,12000000,1450,1
1870,3 ,7500000,1485,1
1871,2 ,7200000,1156,1
1872,0,2114000,1269,0
1873,0,1844000,1107,0
1874,0,50000000,2700,0
1875,2 ,5900000,1311,1
1876,2 ,5900000,1311,1
1877,1 ,3200000,700,1
1878,3 ,9800000,1500,1
1879,2 ,4600000,950,1
1880,0,2599000,1800,0
1881,0,2313000,1602,0
1882,0,2170000,1503,0
1883,0,2079000,1440,0
1884,0,2378000,1647,0
1885,0,1948999,1350,0
1886,0,1754000,1215,0
1887,0,3249000,2250,0
1888,0,3469000,2403,0
1889,0,2495000,1728,0
1890,5 ,56000000,1800,1
1891,7 ,27000000,5500,1
1892,3 ,9198000,1350,1
1893,2 ,8000000,1359,1
1894,2 ,6300000,1160,1
1895,4 ,68100000,5450,3
1896,4 ,68100000,5450,3
1897,4 ,82500000,6605,3
1898,4 ,82500000,6605,3
1899,4 ,68100000,5450,3
1900,4 ,68100000,5450,3
1901,4 ,82500000,6605,3
1902,4 ,82500000,6605,3
1903,2 ,4600000,1088,3
1904,3 ,17000000,2110,1
1905,2 ,4135000,1088,3
1906,2 ,8300000,1255,1
1907,2 ,8300000,1255,1
1908,2 ,4500000,1050,3
1909,2 ,4600000,1088,3
1910,3 ,12500000,2125,1
1911,2 ,4150000,1088,3
1912,3 ,12800000,1980,3
1913,3 ,7800000,1255,1
1914,3 ,10300000,1550,1
1915,2 ,8275000,1235,1
1916,3 ,12700000,1825,3
1917,2 ,4000000,1055,3
1918,3 ,8850000,1425,1
1919,2 ,7250000,1170,1
1920,3 ,12700000,1960,3
1921,2 ,8540000,1220,3
1922,2 ,7250000,1170,1
1923,3 ,6600000,1650,3
1924,3 ,13899999,2150,3
1925,2 ,9170000,1310,3
1926,3 ,14000000,2175,1
1927,3 ,14900000,2300,3
1928,3 ,11000000,1585,3
1929,4 ,12000000,2400,3
1930,4 ,12000000,2500,3
1931,1 ,3200000,265,1
1932,1 ,3200000,265,1
1933,1 ,3200000,265,1
1934,1 ,3200000,265,1
1935,2 ,6350000,1100,1
1936,2 ,6500000,1110,1
1937,2 ,6700000,1100,1
1938,2 ,6800000,1100,1
1939,2 ,5500000,1000,1
1940,0,1102000,1323,0
1941,2 ,5453000,1134,1
1942,2 ,5400000,1134,1
1943,3 ,9000000,1450,1
1944,2 ,7300000,1275,1
1945,2 ,6000000,1180,1
1946,2 ,6300000,1220,1
1947,2 ,5500000,1140,1
1948,3 ,7100000,1520,1
1949,2 ,5443000,1134,1
1950,3 ,8900000,1600,1
1951,2 ,3800000,1100,1
1952,0,42000000,3150,0
1953,0,3915000,2349,0
1954,0,3915000,2349,0
1955,0,3915000,2349,0
1956,0,3690000,2214,0
1957,0,3329999,1998,0
1958,0,4170000,2502,0
1959,0,3690000,2214,0
1960,0,3329999,1998,0
1961,0,3690000,2214,0
1962,0,4170000,2502,0
1963,0,3329999,1998,0
1964,0,4170000,2502,0
1965,0,2745000,1647,0
1966,0,2745000,1647,0
1967,0,2475000,1485,0
1968,0,2475000,1485,0
1969,0,4154999,2493,0
1970,0,4154999,2493,0
1971,0,2430000,1458,0
1972,0,2430000,1458,0
1973,0,3750000,2250,0
1974,0,3750000,2250,0
1975,0,2205000,1323,0
1976,0,2205000,1323,0
1977,2 ,6600000,950,1
1978,2 ,6300000,970,1
1979,3 ,13899999,1550,1
1980,3 ,6500000,1100,1
1981,2 ,4550000,910,3
1982,0,1102000,1323,0
1983,0,1102000,1323,0
1984,0,1102000,1323,0
1985,0,1102000,1323,0
1986,3 ,8482000,1600,1
1987,3 ,7500000,1800,3
1988,3 ,17000000,2627,3
1989,3 ,9900000,1500,3
1990,2 ,5400000,900,3
1991,3 ,8700000,1350,1
1992,2 ,6525000,1110,1
1993,2 ,6318000,1215,3
1994,2 ,6318000,1215,3
1995,2 ,6318000,1215,3
1996,2 ,6318000,1215,3
1997,3 ,9308000,1790,3
1998,3 ,9308000,1790,3
1999,3 ,6578000,1265,3
